<?xml version="1.0" encoding="UTF-8" ?>
<!DOCTYPE mapper
  PUBLIC "-//mybatis.org//DTD Mapper 3.0//EN"
  "http://mybatis.org/dtd/mybatis-3-mapper.dtd">

<mapper namespace="kr.ac.kopo.bbs.BbsDao">
	<resultMap type="BbsVo" id="bbsMap">
		<result property="bbsNo" column="bbs_no" />
		<result property="bbsTitle" column="bbs_title" />
		<result property="bbsContent" column="bbs_content" />
		<result property="bbsWriter" column="bbs_writer" />
		<result property="bbsRegDate" column="bbs_reg_date" />
		<result property="bbsCount" column="bbs_count" />
		<collection property="attachList" ofType="AttachVo">
			<result property="attNo" column="att_no" />
			<result property="attOrgName" column="att_org_name" />
			<result property="attNewName" column="att_new_name" />
			<result property="attBbsNo" column="att_bbs_no" />
		</collection>

	</resultMap>

	<select id="selectBbsList" resultType="BbsVo">
		SELECT bbs_no, bbs_title,
		bbs_writer, bbs_reg_date, bbs_count
		FROM bbs ORDER BY bbs_no ASC
	</select>

	<select id="selectBbs" parameterType="int" resultMap="bbsMap">
		SELECT
		bbs_no, bbs_title, bbs_content,bbs_writer, bbs_reg_date, bbs_count,
		att_no, att_org_name, att_new_name, att_bbs_no
		FROM bbs left outer join
		attach on bbs_no = att_bbs_no
		WHERE bbs_no = #{bbsNo}
	</select>

	<!-- insert 문을 수행하기 전에 selectKey의 SQL문을 실행하고, 결과로 나오는 int 값을 파라미터 객체(BbsVo)의 
		bbsNo 속성(변수)에 저장 -->
	<insert id="insertBbs" parameterType="BbsVo">
		<selectKey keyProperty="bbsNo" resultType="int"
			order="BEFORE">
			select seq_bbs_no.NEXTVAL from dual
		</selectKey>
		insert into bbs
		(bbs_no,bbs_title,bbs_content,bbs_writer)
		values
		(#{bbsNo},#{bbsTitle},#{bbsContent},#{bbsWriter})
	</insert>

	<update id="updateBbs" parameterType="BbsVo">
		UPDATE bbs
		SET bbs_title =
		#{bbsTitle}, bbs_content=#{bbsContent}
		where bbs_no = #{bbsNo}
	</update>

	<delete id="delBbs" parameterType="int">
		Delete from bbs
		where bbs_no =
		#{bbsNo}
	</delete>
</mapper>