<?xml version="1.0" encoding="UTF-8"?>
<beans:beans xmlns="http://www.springframework.org/schema/mvc"
	xmlns:xsi="http://www.w3.org/2001/XMLSchema-instance"
	xmlns:beans="http://www.springframework.org/schema/beans"
	xmlns:context="http://www.springframework.org/schema/context"
	xmlns:mybatis-spring="http://mybatis.org/schema/mybatis-spring"
	xmlns:tx="http://www.springframework.org/schema/tx"
	xsi:schemaLocation="http://www.springframework.org/schema/mvc https://www.springframework.org/schema/mvc/spring-mvc.xsd
		http://mybatis.org/schema/mybatis-spring http://mybatis.org/schema/mybatis-spring-1.2.xsd
		http://www.springframework.org/schema/beans https://www.springframework.org/schema/beans/spring-beans.xsd
		http://www.springframework.org/schema/context https://www.springframework.org/schema/context/spring-context.xsd
		http://www.springframework.org/schema/tx http://www.springframework.org/schema/tx/spring-tx-4.3.xsd">

	<!-- DispatcherServlet Context: defines this servlet's request-processing infrastructure -->
	
	
	
	<!-- Enables the Spring MVC @Controller programming model -->
	<annotation-driven />

	

	<!-- Resolves views selected for rendering by @Controllers to .jsp resources in the /WEB-INF/views directory -->
	<beans:bean class="org.springframework.web.servlet.view.InternalResourceViewResolver">
		<beans:property name="prefix" value="/WEB-INF/views/" />
		<beans:property name="suffix" value=".jsp" />
	</beans:bean>
	
	<context:component-scan base-package="kr.co.blockQuiz" />
	
	<!-- 인터셉터 -->
	<interceptors>
		<interceptor>
			<mapping path="/**" />
			<exclude-mapping path="/login.do" />
			<exclude-mapping path="/memAdd.do" />
			<exclude-mapping path="/loginajax.do"/>
			<exclude-mapping path="/memAddajax.do"/>
			<beans:bean class="kr.co.blockQuiz.LoginInterceptor"></beans:bean>
		</interceptor>
	</interceptors>
	
	<!-- DB 관련 -->
	<tx:annotation-driven />

	<beans:bean id="transactionManager"
		class="org.springframework.jdbc.datasource.DataSourceTransactionManager">
		<beans:property name="dataSource" ref="dataSource"></beans:property>
	</beans:bean>

	<beans:bean id="dataSource"
		class="org.apache.commons.dbcp2.BasicDataSource">
		<beans:property name="driverClassName"
			value="oracle.jdbc.OracleDriver"></beans:property>
		<beans:property name="url"
			value="jdbc:oracle:thin:@172.16.144.33:1521:xe"></beans:property>
		<beans:property name="username" value="project"></beans:property>
		<beans:property name="password" value="project01"></beans:property>

	</beans:bean>


	<beans:bean id="sqlSessionFactory"
		class="org.mybatis.spring.SqlSessionFactoryBean">
		<beans:property name="dataSource" ref="dataSource"></beans:property>
		<beans:property name="configLocation"
			value="classpath:/mybatis-config.xml"></beans:property>
	</beans:bean>

	<beans:bean id="sqlSession"
		class="org.mybatis.spring.SqlSessionTemplate">
		<beans:constructor-arg index="0"
			ref="sqlSessionFactory"></beans:constructor-arg>
	</beans:bean>
	<!-- ////////////////////////////////////////////////////////////////////////////////// -->
	
	
	
	
	
	<mybatis-spring:scan base-package="kr.co.blockQuiz"
		annotation="org.apache.ibatis.annotations.Mapper" />
	
	
</beans:beans>
